-- MySQL dump 10.13  Distrib 5.7.19, for Linux (x86_64)
--
-- Host: localhost    Database: funds_lara
-- ------------------------------------------------------
-- Server version	5.7.19

/*!40101 SET @OLD_CHARACTER_SET_CLIENT=@@CHARACTER_SET_CLIENT */;
/*!40101 SET @OLD_CHARACTER_SET_RESULTS=@@CHARACTER_SET_RESULTS */;
/*!40101 SET @OLD_COLLATION_CONNECTION=@@COLLATION_CONNECTION */;
/*!40101 SET NAMES utf8 */;
/*!40103 SET @OLD_TIME_ZONE=@@TIME_ZONE */;
/*!40103 SET TIME_ZONE='+00:00' */;
/*!40014 SET @OLD_UNIQUE_CHECKS=@@UNIQUE_CHECKS, UNIQUE_CHECKS=0 */;
/*!40014 SET @OLD_FOREIGN_KEY_CHECKS=@@FOREIGN_KEY_CHECKS, FOREIGN_KEY_CHECKS=0 */;
/*!40101 SET @OLD_SQL_MODE=@@SQL_MODE, SQL_MODE='NO_AUTO_VALUE_ON_ZERO' */;
/*!40111 SET @OLD_SQL_NOTES=@@SQL_NOTES, SQL_NOTES=0 */;

--
-- Table structure for table `bills`
--

DROP TABLE IF EXISTS `bills`;
/*!40101 SET @saved_cs_client     = @@character_set_client */;
/*!40101 SET character_set_client = utf8 */;
CREATE TABLE `bills` (
  `id` int(10) unsigned NOT NULL AUTO_INCREMENT,
  `user_id` int(10) unsigned NOT NULL,
  `name` varchar(255) COLLATE utf8mb4_unicode_ci NOT NULL,
  `sum` double NOT NULL,
  `deadline` timestamp NULL DEFAULT NULL,
  `comment` text COLLATE utf8mb4_unicode_ci,
  `created_at` timestamp NULL DEFAULT NULL,
  `updated_at` timestamp NULL DEFAULT NULL,
  PRIMARY KEY (`id`),
  KEY `bills_user_id_foreign` (`user_id`),
  CONSTRAINT `bills_user_id_foreign` FOREIGN KEY (`user_id`) REFERENCES `users` (`id`) ON DELETE CASCADE
) ENGINE=InnoDB AUTO_INCREMENT=9 DEFAULT CHARSET=utf8mb4 COLLATE=utf8mb4_unicode_ci;
/*!40101 SET character_set_client = @saved_cs_client */;

--
-- Dumping data for table `bills`
--

LOCK TABLES `bills` WRITE;
/*!40000 ALTER TABLE `bills` DISABLE KEYS */;
INSERT INTO `bills` VALUES (1,1,'Карта сбербанка',12121.64,NULL,NULL,'2018-03-28 12:33:42','2018-08-18 19:49:53'),(2,1,'Карта Тинькоф',42363.22,NULL,NULL,'2018-03-28 12:33:52','2018-08-18 19:46:07'),(3,1,'Наличные',3173,NULL,NULL,'2018-03-28 12:34:04','2018-08-22 04:13:22'),(4,1,'Сберегательный счет',100000,'2018-09-11 21:00:00','Сберегательный счёт 4.15%','2018-03-28 12:37:27','2018-07-13 06:45:11'),(5,1,'Сберегательный',50553.38,NULL,'1,6%','2018-04-03 08:14:55','2018-08-18 19:50:37'),(6,1,'Финансовый резерв',50460,NULL,'Резерв','2018-04-06 15:31:37','2018-06-12 19:58:58'),(7,1,'Карта Альфа банка',147560,NULL,'Зарплатный проект Фабрикант','2018-07-20 20:45:38','2018-08-21 15:21:08'),(8,1,'Наличка в дедовске',75000,NULL,NULL,'2018-07-22 16:37:52','2018-07-22 16:38:25');
/*!40000 ALTER TABLE `bills` ENABLE KEYS */;
UNLOCK TABLES;

--
-- Table structure for table `events`
--

DROP TABLE IF EXISTS `events`;
/*!40101 SET @saved_cs_client     = @@character_set_client */;
/*!40101 SET character_set_client = utf8 */;
CREATE TABLE `events` (
  `id` int(10) unsigned NOT NULL AUTO_INCREMENT,
  `user_id` int(10) unsigned NOT NULL,
  `type_event` int(11) DEFAULT NULL,
  `head` varchar(50) COLLATE utf8mb4_unicode_ci NOT NULL,
  `message` text COLLATE utf8mb4_unicode_ci,
  `completed` int(11) NOT NULL,
  `date_notif` timestamp NOT NULL DEFAULT CURRENT_TIMESTAMP ON UPDATE CURRENT_TIMESTAMP,
  `created_at` timestamp NULL DEFAULT NULL,
  `updated_at` timestamp NULL DEFAULT NULL,
  PRIMARY KEY (`id`),
  KEY `events_user_id_foreign` (`user_id`),
  CONSTRAINT `events_user_id_foreign` FOREIGN KEY (`user_id`) REFERENCES `users` (`id`) ON DELETE CASCADE
) ENGINE=InnoDB AUTO_INCREMENT=3 DEFAULT CHARSET=utf8mb4 COLLATE=utf8mb4_unicode_ci;
/*!40101 SET character_set_client = @saved_cs_client */;

--
-- Dumping data for table `events`
--

LOCK TABLES `events` WRITE;
/*!40000 ALTER TABLE `events` DISABLE KEYS */;
INSERT INTO `events` VALUES (2,1,1,'Счетчики','Послать счетчики',1,'2018-08-24 18:21:01','2018-06-25 18:54:17','2018-08-24 18:21:01');
/*!40000 ALTER TABLE `events` ENABLE KEYS */;
UNLOCK TABLES;

--
-- Table structure for table `funds`
--

DROP TABLE IF EXISTS `funds`;
/*!40101 SET @saved_cs_client     = @@character_set_client */;
/*!40101 SET character_set_client = utf8 */;
CREATE TABLE `funds` (
  `id` int(10) unsigned NOT NULL AUTO_INCREMENT,
  `bills_id` int(10) unsigned NOT NULL,
  `user_id` int(10) unsigned NOT NULL,
  `rev` tinyint(4) NOT NULL,
  `category_id` int(10) unsigned NOT NULL,
  `sum` double NOT NULL,
  `cause` varchar(255) COLLATE utf8mb4_unicode_ci NOT NULL,
  `date` timestamp NOT NULL DEFAULT CURRENT_TIMESTAMP ON UPDATE CURRENT_TIMESTAMP,
  `created_at` timestamp NULL DEFAULT NULL,
  `updated_at` timestamp NULL DEFAULT NULL,
  PRIMARY KEY (`id`),
  KEY `funds_bills_id_foreign` (`bills_id`),
  KEY `funds_user_id_foreign` (`user_id`),
  KEY `funds_category_id_foreign` (`category_id`),
  CONSTRAINT `funds_bills_id_foreign` FOREIGN KEY (`bills_id`) REFERENCES `bills` (`id`) ON DELETE CASCADE,
  CONSTRAINT `funds_category_id_foreign` FOREIGN KEY (`category_id`) REFERENCES `rev_categories` (`id`) ON DELETE CASCADE,
  CONSTRAINT `funds_user_id_foreign` FOREIGN KEY (`user_id`) REFERENCES `users` (`id`) ON DELETE CASCADE
) ENGINE=InnoDB AUTO_INCREMENT=394 DEFAULT CHARSET=utf8mb4 COLLATE=utf8mb4_unicode_ci;
/*!40101 SET character_set_client = @saved_cs_client */;

--
-- Dumping data for table `funds`
--

LOCK TABLES `funds` WRITE;
/*!40000 ALTER TABLE `funds` DISABLE KEYS */;
INSERT INTO `funds` VALUES (10,3,1,1,2,50000,'Аванс Март','2018-03-21 21:00:00','2018-03-29 11:46:22','2018-05-07 10:59:28'),(11,3,1,2,9,490,'Мышь купил для Тони','2018-03-21 21:00:00','2018-03-29 11:47:43','2018-03-29 12:45:33'),(12,2,1,2,5,1765,'Тройка 60 поездок метро','2018-03-22 21:00:00','2018-03-29 12:44:49','2018-03-29 12:45:23'),(13,3,1,2,10,327,'Обед в столовой автокомбината','2018-03-22 21:00:00','2018-03-29 12:47:04','2018-03-29 12:47:04'),(14,2,1,2,5,88,'Билет до Истры и обратно','2018-03-23 21:00:00','2018-03-29 12:47:53','2018-03-29 12:47:53'),(15,3,1,2,3,3000,'Лечение зуба','2018-03-23 21:00:00','2018-03-29 12:48:32','2018-03-29 12:48:32'),(16,3,1,2,9,2000,'Покупка белья, дал Тоне','2018-03-25 21:00:00','2018-03-29 12:49:43','2018-03-29 12:49:43'),(17,2,1,2,10,270,'Обед Заправка','2018-03-25 21:00:00','2018-03-29 12:50:56','2018-03-29 12:50:56'),(18,2,1,2,10,270,'Обед Заправка','2018-03-26 21:00:00','2018-03-29 12:51:20','2018-03-29 12:51:20'),(19,2,1,2,10,270,'Обед Заправка','2018-03-27 21:00:00','2018-03-29 12:51:43','2018-03-29 12:51:43'),(20,1,1,2,10,348,'Обед Салатерия','2018-03-28 21:00:00','2018-03-29 12:52:15','2018-03-29 12:52:15'),(21,2,1,2,8,100,'Закинул на телефон','2018-03-27 21:00:00','2018-03-29 12:52:37','2018-03-29 12:52:37'),(22,2,1,2,10,315,'Обед в БК','2018-03-30 12:14:12','2018-03-30 07:26:11','2018-03-30 09:14:12'),(23,3,1,2,9,118,'Инструменты для установки унитаза','2018-03-30 21:00:00','2018-03-31 06:27:30','2018-03-31 06:27:30'),(24,2,1,2,5,88,'2 билета до Истры','2018-03-30 21:00:00','2018-03-31 13:24:28','2018-03-31 13:24:28'),(25,2,1,2,7,2270,'Пробухал с Юрой','2018-03-30 21:00:00','2018-04-01 04:12:47','2018-04-01 04:12:47'),(26,2,1,2,6,10000,'Маме отправил','2018-03-31 21:00:00','2018-04-01 04:17:07','2018-04-01 04:17:07'),(27,2,1,2,5,88,'2 билета из Истры','2018-03-31 21:00:00','2018-04-01 12:03:51','2018-04-01 12:03:51'),(28,3,1,2,6,2000,'Отдал Тоне и с ней же обедал','2018-04-01 21:00:00','2018-04-02 10:08:26','2018-04-02 10:08:26'),(29,2,1,2,10,315,'Обед в бк','2018-04-02 21:00:00','2018-04-03 07:41:23','2018-04-03 07:41:23'),(30,2,1,2,6,1167,'Тоне подарок','2018-04-02 21:00:00','2018-04-03 08:08:44','2018-04-03 08:08:44'),(31,2,1,2,10,422,'Обед в теремке','2018-04-03 21:00:00','2018-04-04 08:21:18','2018-04-04 08:21:18'),(32,2,1,2,5,88,'Билет до Истры и обратно','2018-04-04 21:00:00','2018-04-05 12:01:50','2018-04-05 12:01:50'),(33,3,1,2,3,5000,'Зубы сделал','2018-04-04 21:00:00','2018-04-05 14:20:10','2018-04-05 14:20:10'),(34,2,1,2,8,500,'На телефон закинул','2018-04-05 21:00:00','2018-04-06 02:36:58','2018-04-06 02:36:58'),(35,2,1,2,10,358,'Обед в салатерии','2018-04-05 21:00:00','2018-04-06 07:50:39','2018-04-06 07:50:39'),(36,3,1,2,13,5000,'Юре  занял','2018-04-07 21:00:00','2018-04-08 05:27:22','2018-04-17 19:27:56'),(37,3,1,2,9,1000,'Стол компьютерный','2018-04-07 21:00:00','2018-04-08 05:27:50','2018-04-08 05:27:50'),(38,2,1,2,5,2397,'Билеты с Казани','2018-04-07 21:00:00','2018-04-08 08:21:39','2018-04-08 08:21:39'),(39,1,1,2,10,99,'Кофе в бк','2018-04-07 21:00:00','2018-04-08 08:22:13','2018-04-08 08:22:13'),(40,2,1,2,9,220,'Доплата за браслет','2018-04-07 21:00:00','2018-04-08 10:30:29','2018-04-08 10:30:29'),(41,2,1,2,10,318,'Обед гриль хаос','2018-04-08 21:00:00','2018-04-09 07:26:58','2018-04-09 07:27:13'),(42,2,1,2,5,1855,'Проездной на электричку','2018-04-08 21:00:00','2018-04-09 15:21:23','2018-04-11 04:08:41'),(43,2,1,2,10,318,'Гриль хаос обед','2018-04-09 21:00:00','2018-04-10 07:25:33','2018-04-10 07:25:33'),(44,3,1,1,6,39,'Гриль хаос  вернули за картошку','2018-04-09 21:00:00','2018-04-10 07:26:06','2018-04-10 07:26:06'),(45,2,1,2,10,388,'Обед салатерия','2018-04-10 21:00:00','2018-04-11 07:21:27','2018-04-11 07:21:27'),(46,3,1,2,4,3000,'Тоне дал','2018-04-09 21:00:00','2018-04-11 07:51:32','2018-05-07 20:03:13'),(47,2,1,2,5,16757,'Билет маме на самолет','2018-04-11 21:00:00','2018-04-12 06:00:30','2018-04-12 06:00:30'),(48,1,1,1,6,1500,'Олег за парсинг номеров','2018-04-11 21:00:00','2018-04-12 12:31:56','2018-04-12 12:31:56'),(49,3,1,2,10,200,'Обед бк','2018-04-12 21:00:00','2018-04-13 07:41:10','2018-04-13 07:41:10'),(50,2,1,2,4,1023,'Продукты купили','2018-04-13 21:00:00','2018-04-14 12:32:42','2018-04-14 12:32:42'),(51,2,1,2,3,110,'Витамины','2018-04-14 21:00:00','2018-04-15 13:53:03','2018-04-15 13:53:03'),(52,2,1,2,4,735,'Продукты домой','2018-04-14 21:00:00','2018-04-15 13:53:21','2018-04-15 13:53:21'),(53,2,1,2,10,99,'Кофе в БК','2018-04-14 21:00:00','2018-04-15 13:53:37','2018-04-15 13:53:37'),(54,2,1,2,6,138,'Услуги банка. Оповещение и обслуживание','2018-04-13 21:00:00','2018-04-15 13:55:02','2018-04-15 13:55:02'),(55,2,1,1,6,811,'Кэшбек и процент на остаток','2018-04-13 21:00:00','2018-04-15 13:55:58','2018-04-15 13:55:58'),(56,3,1,2,4,3000,'Тоне отдал','2018-04-14 21:00:00','2018-04-15 14:00:23','2018-05-07 20:03:04'),(57,3,1,2,11,1800,'Мне штаны, Тоне кроссовки','2018-04-13 21:00:00','2018-04-15 14:06:13','2018-04-15 14:06:13'),(58,3,1,2,12,203,'Корректировка, забыл записать','2018-04-14 21:00:00','2018-04-15 14:07:16','2018-04-15 14:07:44'),(59,1,1,2,8,60,'Сбербанк, оплата мобильного банка','2018-04-15 21:00:00','2018-04-16 06:03:27','2018-04-16 06:03:27'),(60,2,1,2,10,318,'Обед грильхаус','2018-04-15 21:00:00','2018-04-16 10:19:56','2018-04-16 10:19:56'),(61,2,1,2,10,388,'Обед салатерия','2018-04-16 21:00:00','2018-04-17 10:36:53','2018-04-17 10:36:53'),(62,3,1,2,10,100,'Мороженое в макдаке','2018-04-16 21:00:00','2018-04-17 10:37:18','2018-04-17 10:37:18'),(63,3,1,1,13,5000,'Юра вернул','2018-04-16 21:00:00','2018-04-17 19:26:31','2018-04-17 19:27:19'),(64,2,1,2,10,336,'Обед в бк','2018-04-17 21:00:00','2018-04-18 10:27:23','2018-04-18 10:27:30'),(65,2,1,2,10,388,'Обед салатерия','2018-04-18 21:00:00','2018-04-19 10:31:48','2018-04-19 10:31:48'),(66,1,1,2,8,548,'Лицензия phpStorm','2018-04-18 21:00:00','2018-04-19 19:11:08','2018-04-19 19:11:08'),(67,2,1,2,7,700,'Лицензия скайрим','2018-04-18 21:00:00','2018-04-19 19:11:44','2018-04-19 19:11:44'),(68,2,1,1,2,50000,'Аванс апрель','2018-04-19 21:00:00','2018-04-20 17:43:27','2018-04-20 17:43:27'),(69,3,1,2,5,244,'Проезд до снигирей','2018-04-20 21:00:00','2018-04-21 14:58:35','2018-04-21 14:58:35'),(70,3,1,2,6,4000,'Тониной маме отдали','2018-04-20 21:00:00','2018-04-21 14:59:05','2018-04-21 14:59:05'),(71,3,1,2,5,44,'Проезд до Дедовска из Снегирей','2018-04-20 21:00:00','2018-04-21 16:04:43','2018-04-21 16:04:43'),(72,3,1,2,4,786,'Салаты у кореянки','2018-04-20 21:00:00','2018-04-21 16:20:50','2018-04-21 16:20:50'),(73,2,1,2,4,262,'Продукты в магните','2018-04-22 21:00:00','2018-04-23 06:54:12','2018-04-23 06:54:12'),(74,2,1,2,10,436,'Обед теремок','2018-04-22 21:00:00','2018-04-23 10:24:40','2018-04-23 10:24:40'),(75,3,1,2,4,3000,'Тоне отдал','2018-04-22 21:00:00','2018-04-23 10:37:09','2018-05-07 20:02:58'),(76,2,1,2,10,358,'Обед салатерия','2018-04-24 21:00:00','2018-04-25 10:21:13','2018-04-25 10:21:13'),(77,2,1,2,8,1050,'Оплатил сервер','2018-04-24 21:00:00','2018-04-25 18:41:32','2018-04-25 18:41:32'),(78,2,1,2,10,290,'Обед воккер','2018-04-25 21:00:00','2018-04-26 10:24:16','2018-04-26 10:24:16'),(79,2,1,2,10,290,'Обед Воккер','2018-04-26 21:00:00','2018-04-27 11:21:03','2018-04-27 11:21:03'),(80,2,1,2,10,415,'Обед эль патио','2018-04-27 21:00:00','2018-04-28 11:05:42','2018-04-28 11:05:42'),(81,2,1,2,10,548,'Ужин с Тоней в бк','2018-04-27 21:00:00','2018-04-28 16:51:32','2018-04-28 16:51:32'),(82,2,1,2,10,178,'Кофе в макдаке','2018-04-27 21:00:00','2018-04-28 18:34:44','2018-04-28 18:34:44'),(83,3,1,2,5,3000,'Проезд до Чебоксар','2018-04-28 21:00:00','2018-04-29 05:44:06','2018-04-29 05:44:06'),(84,2,1,2,10,198,'Кофе в макдаке','2018-04-28 21:00:00','2018-04-30 06:36:24','2018-04-30 06:37:48'),(85,2,1,2,10,428,'Ужин в макдаке','2018-04-28 21:00:00','2018-04-30 06:37:03','2018-04-30 06:37:40'),(86,3,1,2,5,800,'Проезд с Чебоксар до Казани','2018-04-29 21:00:00','2018-04-30 07:54:48','2018-04-30 07:54:48'),(87,3,1,2,8,1050,'Мотель нлчь','2018-04-29 21:00:00','2018-04-30 10:32:38','2018-04-30 10:32:38'),(88,3,1,2,10,267,'Обед в доброй столовой','2018-04-29 21:00:00','2018-04-30 17:31:01','2018-04-30 17:31:01'),(89,2,1,2,7,880,'Коктейли в сахаре','2018-04-29 21:00:00','2018-04-30 17:31:49','2018-04-30 17:31:49'),(90,2,1,2,9,146,'Расческа','2018-04-29 21:00:00','2018-04-30 17:32:13','2018-04-30 17:32:13'),(91,3,1,2,7,350,'Подлива для вейпа','2018-04-29 21:00:00','2018-04-30 17:32:35','2018-04-30 17:32:47'),(92,3,1,2,10,156,'Ужин в доброй столовой','2018-04-29 21:00:00','2018-04-30 17:33:32','2018-04-30 17:33:32'),(93,3,1,2,5,100,'Метро в Казани','2018-04-29 21:00:00','2018-04-30 17:36:25','2018-04-30 17:36:25'),(94,2,1,2,5,132,'Такси до отеля','2018-04-29 21:00:00','2018-04-30 19:17:30','2018-04-30 19:17:30'),(95,3,1,2,5,100,'Проезд','2018-04-30 21:00:00','2018-05-01 09:26:12','2018-05-01 09:26:12'),(96,1,1,2,10,337,'Обед в доброй столовой','2018-04-30 21:00:00','2018-05-01 12:42:56','2018-05-01 12:42:56'),(97,2,1,2,10,159,'Кофе в макдаке','2018-04-30 21:00:00','2018-05-01 12:43:38','2018-05-01 12:43:38'),(98,3,1,2,7,450,'Национальный музей Татарстана','2018-04-30 21:00:00','2018-05-01 12:44:10','2018-05-01 12:44:10'),(99,3,1,2,7,200,'Очки виртуальной реальности в парке','2018-04-30 21:00:00','2018-05-01 15:47:00','2018-05-01 15:47:00'),(100,2,1,2,7,580,'Колесо обозрения','2018-04-30 21:00:00','2018-05-01 15:47:26','2018-05-01 15:47:26'),(101,2,1,2,10,227,'Ужин в доброй столовой','2018-04-30 21:00:00','2018-05-01 16:53:57','2018-05-01 16:53:57'),(102,3,1,2,6,400,'Кружка сувенирная','2018-05-01 21:00:00','2018-05-02 07:40:03','2018-05-02 07:40:03'),(103,1,1,2,5,249,'Каршеринг с вокзала до Тушино','2018-05-02 21:00:00','2018-05-04 10:09:20','2018-05-04 10:09:20'),(104,2,1,2,5,130,'Такси до отеля','2018-04-30 21:00:00','2018-05-04 10:12:30','2018-05-04 10:12:30'),(105,2,1,2,5,170,'Такси до вокзала','2018-05-01 21:00:00','2018-05-04 10:13:04','2018-05-04 10:13:04'),(106,2,1,2,10,83,'Еда в поезд из Доброй столовой','2018-05-01 21:00:00','2018-05-04 10:13:29','2018-05-04 10:19:48'),(107,2,1,2,5,1765,'Тройка 60 поездок','2018-04-23 21:00:00','2018-05-04 10:18:39','2018-05-04 10:18:39'),(108,3,1,2,4,3000,'Тоне отдал на продукты','2018-05-03 21:00:00','2018-05-04 10:19:29','2018-05-07 20:02:54'),(109,3,1,2,8,1050,'Ночь в мотеле','2018-04-30 21:00:00','2018-05-04 12:04:36','2018-05-04 12:04:36'),(110,3,1,2,10,100,'Кофе за завтраком два дня','2018-04-30 21:00:00','2018-05-04 12:05:48','2018-05-04 12:05:48'),(111,3,1,2,12,1455,'Потрачено в Казани на жижу и другие, которые забыл записать','2018-05-03 21:00:00','2018-05-04 12:07:53','2018-05-04 12:07:53'),(112,2,1,2,8,500,'На телетай','2018-05-05 21:00:00','2018-05-06 08:14:03','2018-05-06 08:14:03'),(113,2,1,2,7,1379,'Стрелы и комплектующие','2018-05-05 21:00:00','2018-05-06 10:36:01','2018-05-06 10:36:01'),(114,3,1,2,10,237,'Обед в столовке автокомбината','2018-05-06 21:00:00','2018-05-07 10:18:59','2018-05-07 10:18:59'),(115,3,1,1,2,50000,'Зарплата Апрель','2018-05-06 21:00:00','2018-05-07 10:58:17','2018-05-07 10:58:17'),(116,3,1,1,2,50000,'Зарплата Март','2018-04-03 21:00:00','2018-05-07 11:00:26','2018-05-07 11:00:26'),(117,2,1,2,5,100,'Сане перевёл за совместное такси','2018-05-06 21:00:00','2018-05-07 17:50:34','2018-05-07 17:50:34'),(118,3,1,2,4,2000,'Тоне отдал','2018-05-06 21:00:00','2018-05-07 18:34:16','2018-05-07 20:02:49'),(119,2,1,2,10,415,'Отель эль патио','2018-05-07 21:00:00','2018-05-08 18:25:54','2018-05-08 18:25:54'),(120,3,1,2,7,1100,'Аккумуляторы для дудки','2018-05-08 21:00:00','2018-05-09 10:54:22','2018-05-09 10:54:22'),(121,3,1,2,10,1000,'Покушали  в заправке','2018-05-08 21:00:00','2018-05-09 11:50:20','2018-05-09 11:50:37'),(122,3,1,2,5,44,'Электричка до Снегири и обратно','2018-05-08 21:00:00','2018-05-09 13:59:21','2018-05-09 13:59:21'),(123,3,1,2,7,400,'Подлива для вейпа','2018-05-08 21:00:00','2018-05-09 16:56:12','2018-05-09 16:56:12'),(124,2,1,2,10,470,'В бк с Тоней','2018-05-08 21:00:00','2018-05-09 17:23:54','2018-05-09 17:23:54'),(125,2,1,2,10,415,'Обед Эльпатио','2018-05-09 21:00:00','2018-05-10 11:58:47','2018-05-10 11:58:47'),(126,3,1,2,10,267,'Обед в столовке автокомбината','2018-05-10 21:00:00','2018-05-11 16:12:38','2018-05-11 16:12:38'),(127,3,1,2,7,1100,'Хранение лука за 4 месяца','2018-05-10 21:00:00','2018-05-11 18:29:45','2018-05-11 18:29:45'),(128,2,1,2,10,620,'Ужин в бк','2018-05-10 21:00:00','2018-05-11 18:30:48','2018-05-11 18:30:48'),(129,2,1,2,6,3000,'Маме отправил','2018-05-11 21:00:00','2018-05-12 06:05:47','2018-05-12 06:05:47'),(130,3,1,2,7,780,'Кино мстители','2018-05-12 21:00:00','2018-05-13 14:45:15','2018-05-13 14:45:15'),(131,2,1,2,10,106,'Газ напиток в бк','2018-05-12 21:00:00','2018-05-13 14:45:53','2018-05-13 14:45:53'),(132,2,1,2,4,894,'Продукты в перекрёстке','2018-05-12 21:00:00','2018-05-13 19:18:33','2018-05-13 19:18:33'),(133,2,1,2,10,415,'Обед Эль патио','2018-05-13 21:00:00','2018-05-14 11:44:27','2018-05-14 11:44:27'),(134,2,1,2,8,138,'Оповещение и обслуживание банка','2018-05-14 21:00:00','2018-05-15 14:40:48','2018-05-15 14:40:48'),(135,2,1,1,6,245,'Кэшбек по карте','2018-05-14 21:00:00','2018-05-15 14:41:16','2018-05-15 14:41:16'),(136,2,1,1,6,246,'Процент на остаток по счету','2018-05-14 21:00:00','2018-05-15 14:41:35','2018-05-15 14:41:35'),(137,2,1,2,5,1855,'Проездной на элку','2018-05-13 21:00:00','2018-05-15 14:42:16','2018-05-15 14:43:20'),(138,2,1,2,10,105,'Кофе в БК','2018-05-12 21:00:00','2018-05-15 14:43:05','2018-05-15 14:43:05'),(139,3,1,2,8,5000,'Оплата квартиры','2018-05-14 21:00:00','2018-05-16 07:45:44','2018-05-16 07:45:44'),(140,3,1,2,6,1000,'Тоня на продукты взяла','2018-05-13 21:00:00','2018-05-16 07:46:03','2018-05-16 07:46:03'),(141,3,1,2,6,200,'На подарок Точилину сдал','2018-05-15 21:00:00','2018-05-16 07:46:22','2018-05-16 07:46:22'),(142,3,1,2,13,200,'Николай Бабакин просил','2018-05-15 21:00:00','2018-05-16 07:46:43','2018-05-16 07:46:43'),(143,2,1,2,10,415,'Обед эль патио','2018-05-15 21:00:00','2018-05-17 12:00:50','2018-05-17 12:00:50'),(144,2,1,2,8,100,'На мегафон закинул','2018-05-15 21:00:00','2018-05-17 12:01:14','2018-05-17 12:01:14'),(145,2,1,2,4,1103,'Продукты перекресток','2018-05-15 21:00:00','2018-05-17 12:01:39','2018-05-17 12:01:39'),(146,2,1,2,10,415,'Обед Эль патио','2018-05-16 21:00:00','2018-05-17 12:02:53','2018-05-17 12:02:53'),(147,3,1,1,2,64000,'Зарплата и остальное по увольнению','2018-05-16 21:00:00','2018-05-17 16:52:58','2018-05-17 16:52:58'),(148,2,1,2,10,314,'Ужин в бк','2018-05-16 21:00:00','2018-05-17 16:53:43','2018-05-17 16:53:43'),(149,3,1,2,10,493,'Неясное расхождение, скорее всего питание','2018-05-17 21:00:00','2018-05-18 10:04:36','2018-05-18 10:04:36'),(150,5,1,1,6,59,'Капитализация вклада','2018-05-17 21:00:00','2018-05-18 10:07:14','2018-05-18 10:07:14'),(151,6,1,1,6,49,'Капитализация вклада','2018-05-17 21:00:00','2018-05-18 10:08:07','2018-05-18 10:08:07'),(152,2,1,2,7,600,'Усадьба юсуповых','2018-05-17 21:00:00','2018-05-18 16:31:13','2018-05-18 16:31:13'),(153,2,1,2,5,88,'Билеты до Павшино и назад','2018-05-17 21:00:00','2018-05-18 16:31:38','2018-05-18 16:31:38'),(154,3,1,2,5,350,'Такси в Нахабино','2018-05-17 21:00:00','2018-05-18 16:31:59','2018-05-18 16:31:59'),(155,3,1,2,5,140,'Автобус Павшино Архангельское туда обратно','2018-05-17 21:00:00','2018-05-18 16:32:39','2018-05-18 16:32:39'),(156,3,1,2,3,2900,'Баня','2018-05-17 21:00:00','2018-05-19 08:04:40','2018-05-19 08:04:40'),(157,2,1,2,5,249,'Такси с Нахабино','2018-05-17 21:00:00','2018-05-19 08:05:44','2018-05-19 08:05:55'),(158,2,1,2,10,725,'Посидели в Додо ПИцца','2018-05-16 21:00:00','2018-05-19 08:08:15','2018-05-19 08:08:15'),(159,2,1,2,4,212,'Продукты питания','2018-05-16 21:00:00','2018-05-19 08:08:53','2018-05-19 08:08:53'),(160,1,1,2,8,550,'Лицензия PhpStorm','2018-05-18 21:00:00','2018-05-19 08:11:58','2018-05-19 08:11:58'),(161,3,1,2,4,850,'Салаты у кореянки','2018-05-18 21:00:00','2018-05-20 09:27:46','2018-05-20 09:27:46'),(162,3,1,2,5,1000,'Юре за бензин,  когда маму встречали','2018-05-20 21:00:00','2018-05-21 12:43:36','2018-05-21 12:43:36'),(163,1,1,1,13,200,'Колянчик отдал','2018-05-20 21:00:00','2018-05-21 18:22:04','2018-05-21 18:22:04'),(164,1,1,1,6,2895,'Проценты по вкладу','2018-05-21 21:00:00','2018-05-22 07:07:41','2018-05-22 07:07:41'),(165,2,1,2,4,322,'Продукты когда ночевали у тети Люды','2018-05-21 21:00:00','2018-06-02 10:33:21','2018-06-02 10:34:15'),(166,2,1,2,10,400,'Обед в БК','2018-05-21 21:00:00','2018-06-02 10:33:58','2018-06-02 10:33:58'),(167,2,1,2,10,463,'Обед маме в Крошке картошке','2018-05-21 21:00:00','2018-06-02 10:34:50','2018-06-02 10:34:50'),(168,2,1,2,10,139,'Кофе в макдаке','2018-05-21 21:00:00','2018-06-02 10:35:22','2018-06-02 10:35:22'),(169,2,1,2,5,132,'Билеты до Дедовска','2018-05-21 21:00:00','2018-06-02 10:35:52','2018-06-02 10:35:52'),(170,2,1,2,10,300,'Кофе в БК на троих','2018-05-22 21:00:00','2018-06-02 10:36:39','2018-06-02 10:36:39'),(171,2,1,2,10,3416,'Обед в Шоколаднице на арбате на четверых','2018-05-22 21:00:00','2018-06-02 10:37:12','2018-06-02 10:37:12'),(172,2,1,2,10,129,'Кофе в БК','2018-05-22 21:00:00','2018-06-02 10:37:39','2018-06-02 10:37:39'),(173,2,1,2,10,260,'Обед в столовке на работе','2018-05-23 21:00:00','2018-06-02 10:38:30','2018-06-02 10:38:30'),(174,2,1,2,10,555,'Додо пицца ужин','2018-05-23 21:00:00','2018-06-02 10:38:58','2018-06-02 10:38:58'),(175,2,1,2,4,200,'Продукты пятёрочка','2018-05-24 21:00:00','2018-06-02 10:39:38','2018-06-02 10:39:38'),(176,2,1,2,10,740,'Обед в макдаке','2018-05-24 21:00:00','2018-06-02 10:40:12','2018-06-02 10:40:12'),(177,2,1,2,5,108,'Такси до истры с новоиерусалима','2018-05-26 21:00:00','2018-06-02 10:40:45','2018-06-02 10:41:40'),(178,2,1,2,10,300,'Обед в БК','2018-05-26 21:00:00','2018-06-02 10:41:32','2018-06-02 10:41:32'),(179,2,1,2,10,260,'Кофе в макдаке','2018-05-26 21:00:00','2018-06-02 10:42:05','2018-06-02 10:42:05'),(180,2,1,2,10,558,'Ужин в макдаке','2018-05-26 21:00:00','2018-06-02 10:42:31','2018-06-02 10:42:31'),(181,2,1,2,5,1765,'Тройка 60 поездок','2018-05-27 21:00:00','2018-06-02 10:43:05','2018-06-02 10:43:05'),(182,2,1,2,10,264,'Обед на работе','2018-05-29 21:00:00','2018-06-02 10:44:24','2018-06-02 10:44:24'),(183,2,1,2,10,260,'Обед на работе','2018-05-30 21:00:00','2018-06-02 10:44:55','2018-06-02 10:44:55'),(184,2,1,2,10,1070,'Ужин в макдаке на четверых','2018-05-30 21:00:00','2018-06-02 10:45:28','2018-06-02 10:45:28'),(185,2,1,2,5,2500,'Доплата за багаж маме в аэропорту','2018-05-30 21:00:00','2018-06-02 10:45:59','2018-06-02 10:45:59'),(186,2,1,2,10,260,'Обед на работе','2018-05-31 21:00:00','2018-06-02 10:46:24','2018-06-02 10:46:24'),(187,2,1,2,10,1368,'Корректировка расходов, но они все по категории столовых','2018-06-01 21:00:00','2018-06-02 10:48:26','2018-06-02 10:48:26'),(188,3,1,2,7,700,'Кино','2018-05-26 21:00:00','2018-06-02 11:02:36','2018-06-02 11:02:36'),(189,3,1,2,7,1000,'Вейперские принадлежности','2018-06-01 21:00:00','2018-06-02 11:02:57','2018-06-02 11:02:57'),(190,3,1,2,10,11977,'Корректировка по маминому приезду, в основном это еда','2018-05-30 21:00:00','2018-06-02 11:05:00','2018-06-02 11:06:11'),(191,2,1,2,4,2309,'Продукты в пятерочке','2018-06-02 21:00:00','2018-06-03 18:11:41','2018-06-03 18:11:41'),(192,2,1,2,8,500,'На телефон закинуд','2018-06-03 21:00:00','2018-06-04 05:28:11','2018-06-04 05:28:11'),(193,2,1,2,10,433,'Обед в столовой','2018-06-03 21:00:00','2018-06-04 10:33:44','2018-06-04 10:34:11'),(194,3,1,1,2,36018,'Зарплата на новом месте','2018-06-04 21:00:00','2018-06-05 12:53:33','2018-06-05 12:53:33'),(195,2,1,2,10,430,'Обед в столовой','2018-06-04 21:00:00','2018-06-05 13:35:00','2018-06-05 13:35:00'),(196,2,1,2,4,220,'Продукты в магните','2018-06-03 21:00:00','2018-06-05 14:26:41','2018-06-05 14:26:41'),(197,3,1,2,3,8800,'Полис ДМС','2018-06-04 21:00:00','2018-06-05 17:00:27','2018-06-05 17:00:27'),(198,3,1,2,6,25,'В электричке подкинул','2018-06-04 21:00:00','2018-06-05 17:24:31','2018-06-05 17:24:31'),(199,3,1,2,8,6000,'Отдал Тониной матери','2018-06-06 21:00:00','2018-06-08 05:49:19','2018-06-08 05:49:27'),(200,2,1,2,10,260,'Обед столовая','2018-06-05 21:00:00','2018-06-08 06:01:21','2018-06-08 06:01:21'),(201,2,1,2,10,260,'Обед столовая','2018-06-06 21:00:00','2018-06-08 06:01:55','2018-06-08 06:01:55'),(202,2,1,2,10,260,'Обед в столовкой','2018-06-07 21:00:00','2018-06-12 20:00:08','2018-06-12 20:00:08'),(203,2,1,2,10,260,'Обед в столовой','2018-06-08 21:00:00','2018-06-12 20:00:38','2018-06-12 20:00:38'),(204,2,1,2,10,185,'Кофе в бк','2018-06-09 21:00:00','2018-06-12 20:01:14','2018-06-12 20:01:14'),(205,2,1,2,11,6390,'Кроссовки','2018-06-09 21:00:00','2018-06-12 20:01:40','2018-06-12 20:01:40'),(206,2,1,2,4,536,'Продукты магнит','2018-06-10 21:00:00','2018-06-12 20:02:08','2018-06-12 20:02:08'),(207,3,1,2,3,3000,'Тоне к зубному','2018-06-10 21:00:00','2018-06-12 20:02:41','2018-06-12 20:02:41'),(208,3,1,2,6,1200,'Ремонт телефона','2018-06-10 21:00:00','2018-06-12 20:03:17','2018-06-12 20:03:17'),(209,3,1,2,9,850,'Дисплей для телефона','2018-06-10 21:00:00','2018-06-12 20:03:57','2018-06-12 20:03:57'),(210,3,1,2,9,1000,'Инструменты для телефона','2018-06-09 21:00:00','2018-06-12 20:04:23','2018-06-12 20:04:23'),(211,2,1,2,8,600,'Тоне на телефон','2018-06-11 21:00:00','2018-06-16 10:07:34','2018-06-16 10:07:34'),(212,2,1,2,5,1855,'Проездной на электричку','2018-06-12 21:00:00','2018-06-16 10:08:04','2018-06-16 10:08:04'),(213,2,1,2,10,260,'Обед на работе','2018-06-12 21:00:00','2018-06-16 10:08:30','2018-06-16 10:08:30'),(214,2,1,1,6,818,'Кэшбек и процент на остаток','2018-06-13 21:00:00','2018-06-16 10:09:26','2018-06-16 10:09:26'),(215,2,1,2,10,300,'Обед на работе','2018-06-13 21:00:00','2018-06-16 10:09:55','2018-06-16 10:09:55'),(216,2,1,2,8,587,'Оплата домена','2018-06-14 21:00:00','2018-06-16 10:10:25','2018-06-16 10:10:25'),(217,2,1,2,10,455,'Обед на работе','2018-06-14 21:00:00','2018-06-16 10:10:47','2018-06-16 10:10:47'),(218,3,1,2,6,2000,'Тоне дал','2018-06-13 21:00:00','2018-06-16 10:15:31','2018-06-16 10:16:13'),(219,3,1,2,5,176,'Проезд','2018-06-09 21:00:00','2018-06-16 10:19:10','2018-06-16 10:19:10'),(220,3,1,2,4,3850,'Корректировка на продукты','2018-06-15 21:00:00','2018-06-16 10:20:15','2018-06-16 10:20:15'),(221,2,1,2,4,1070,'Продукты в магните','2018-06-16 21:00:00','2018-06-17 08:51:41','2018-06-17 08:51:41'),(222,3,1,2,3,2500,'Лечение зуба Тоне','2018-06-16 21:00:00','2018-06-17 08:52:01','2018-06-17 08:52:01'),(223,3,1,2,9,135,'В факс прайс','2018-06-16 21:00:00','2018-06-17 08:52:58','2018-06-17 08:52:58'),(224,3,1,2,9,185,'Кальций для улиток','2018-06-16 21:00:00','2018-06-17 08:53:20','2018-06-17 08:53:20'),(225,2,1,2,5,264,'Билеты на электричку','2018-06-16 21:00:00','2018-06-17 12:47:29','2018-06-17 12:47:41'),(226,2,1,2,10,340,'Ужин в бк','2018-06-16 21:00:00','2018-06-17 16:25:06','2018-06-17 16:25:06'),(227,2,1,2,9,3990,'Электронная книга','2018-06-16 21:00:00','2018-06-17 19:25:01','2018-06-17 19:25:01'),(228,2,1,2,10,260,'Обед в столовой','2018-06-17 21:00:00','2018-06-18 19:49:23','2018-06-18 19:49:23'),(229,2,1,2,10,435,'Ужин в бк','2018-06-17 21:00:00','2018-06-18 19:49:47','2018-06-18 19:49:47'),(230,3,1,2,14,58000,'Аренда квартиры','2018-06-17 21:00:00','2018-06-18 19:50:30','2018-06-18 19:50:30'),(231,2,1,2,10,300,'Обед в столовой','2018-06-18 21:00:00','2018-06-19 17:45:43','2018-06-19 17:45:43'),(232,2,1,1,2,60000,'Аванс за Июнь','2018-06-19 21:00:00','2018-06-20 07:02:04','2018-06-20 07:02:04'),(233,2,1,2,10,300,'Обед в столовой','2018-06-19 21:00:00','2018-06-20 16:24:57','2018-06-20 16:24:57'),(234,2,1,2,7,392,'Жидкость для вейпа','2018-06-19 21:00:00','2018-06-20 16:25:41','2018-06-20 16:25:41'),(235,2,1,2,10,260,'Обед в столовке','2018-06-20 21:00:00','2018-06-21 17:39:33','2018-06-21 17:39:33'),(236,2,1,2,10,300,'Обед в столовой','2018-06-21 21:00:00','2018-06-22 10:29:04','2018-06-22 10:29:04'),(237,2,1,2,5,1829,'Переезд на белке','2018-06-21 21:00:00','2018-06-22 19:33:42','2018-06-22 19:33:42'),(238,2,1,2,10,435,'Ужин в бк','2018-06-21 21:00:00','2018-06-24 10:05:17','2018-06-24 10:05:17'),(239,2,1,2,10,435,'Обед в бк','2018-06-22 21:00:00','2018-06-24 10:06:05','2018-06-24 10:06:05'),(240,2,1,2,5,1425,'Каршеринг Яндекса до Дедовска','2018-06-22 21:00:00','2018-06-24 10:09:01','2018-06-24 10:09:14'),(241,2,1,2,10,99,'Кофе в макдаке','2018-06-22 21:00:00','2018-06-24 10:09:40','2018-06-24 10:09:40'),(242,3,1,2,4,5000,'Тоне на продукты','2018-06-22 21:00:00','2018-06-24 10:10:11','2018-06-24 10:10:11'),(243,3,1,2,7,3600,'Наушники беспроводные','2018-06-22 21:00:00','2018-06-24 10:10:40','2018-06-24 10:10:40'),(244,2,1,2,10,399,'Обед кфс','2018-06-23 21:00:00','2018-06-24 16:18:18','2018-06-24 16:18:18'),(245,2,1,2,4,349,'Продукты магнит','2018-06-23 21:00:00','2018-06-24 16:18:39','2018-06-24 16:18:39'),(246,2,1,2,10,300,'Обед в столовой','2018-06-24 21:00:00','2018-06-25 18:52:13','2018-06-25 18:52:13'),(247,2,1,2,4,69,'Бананы в пяиерочке','2018-06-24 21:00:00','2018-06-25 18:55:04','2018-06-25 18:55:04'),(248,2,1,2,10,300,'Обед в столовой','2018-06-25 21:00:00','2018-06-26 13:11:19','2018-06-26 13:11:19'),(249,2,1,2,8,500,'За интернет','2018-06-25 21:00:00','2018-06-26 16:53:04','2018-06-26 16:53:04'),(250,3,1,2,4,239,'Мясо в эко','2018-06-25 21:00:00','2018-06-26 18:35:52','2018-06-26 18:35:52'),(251,2,1,2,10,300,'Обед в столовой','2018-06-26 21:00:00','2018-06-27 17:13:50','2018-06-27 17:13:50'),(252,2,1,2,6,5000,'Папе на др','2018-06-26 21:00:00','2018-06-27 17:26:16','2018-06-27 17:26:16'),(253,2,1,2,10,300,'Обед в столовой','2018-06-27 21:00:00','2018-06-28 15:30:04','2018-06-28 15:30:04'),(254,2,1,2,5,130,'Белка до парка','2018-06-27 21:00:00','2018-06-28 19:37:46','2018-06-28 19:37:46'),(255,2,1,2,10,300,'Обед в столовой','2018-06-28 21:00:00','2018-06-29 17:37:51','2018-06-29 17:37:51'),(256,2,1,2,4,251,'Продукты магнит','2018-06-25 21:00:00','2018-06-29 18:22:22','2018-06-29 18:22:54'),(257,2,1,2,7,247,'Пиво','2018-06-28 21:00:00','2018-06-30 07:20:13','2018-06-30 07:20:13'),(258,2,1,2,8,500,'На телефон','2018-06-29 21:00:00','2018-06-30 07:20:35','2018-06-30 07:20:35'),(259,2,1,2,4,815,'Продукты Billa','2018-06-29 21:00:00','2018-06-30 16:51:23','2018-06-30 16:51:23'),(260,2,1,2,5,1025,'Яндекс каршеринг до Дедовска','2018-06-29 21:00:00','2018-06-30 17:49:10','2018-06-30 17:49:10'),(261,3,1,2,3,5000,'Тоня на зубы взяла','2018-07-01 21:00:00','2018-07-02 11:45:31','2018-07-02 11:45:31'),(262,2,1,2,10,300,'Обед в столовой','2018-07-02 21:00:00','2018-07-03 11:07:40','2018-07-03 11:08:21'),(263,2,1,2,10,300,'Обед в столовой','2018-07-01 21:00:00','2018-07-03 11:08:11','2018-07-03 11:08:11'),(264,2,1,2,4,1042,'Продукты пятерочка','2018-06-30 21:00:00','2018-07-03 19:15:13','2018-07-03 19:15:13'),(265,2,1,2,10,323,'Обед КФС','2018-06-30 21:00:00','2018-07-03 19:15:49','2018-07-03 19:15:49'),(266,2,1,2,7,450,'Жижа для вейпа','2018-06-29 21:00:00','2018-07-03 19:18:07','2018-07-03 19:18:07'),(267,2,1,2,10,300,'Обед в столовой','2018-07-04 21:00:00','2018-07-05 10:38:34','2018-07-05 10:38:34'),(268,2,1,1,2,60060,'Зарплата июнь','2018-07-04 21:00:00','2018-07-05 10:38:58','2018-07-05 10:38:58'),(269,3,1,2,9,12000,'Тоня взяла на стиральная. Вы тётя из оплаты аренды квартиры','2018-07-04 21:00:00','2018-07-05 10:39:54','2018-07-07 16:31:25'),(270,2,1,2,10,592,'Обед в Макдаке','2018-07-06 21:00:00','2018-07-12 08:46:48','2018-07-12 08:46:48'),(271,2,1,2,4,190,'Продукты в Ленте Егорьевск','2018-07-06 21:00:00','2018-07-12 08:47:12','2018-07-12 08:47:12'),(272,2,1,2,5,152,'Такси в Егорьевске','2018-07-07 21:00:00','2018-07-12 08:47:44','2018-07-12 08:47:44'),(273,2,1,2,10,535,'Обед в БК','2018-07-07 21:00:00','2018-07-12 08:48:14','2018-07-12 08:48:14'),(274,2,1,2,5,465,'Каршеринг Яндекс до дому','2018-07-07 21:00:00','2018-07-12 08:48:48','2018-07-12 08:48:48'),(275,2,1,2,7,601,'blizzard WOW','2018-07-07 21:00:00','2018-07-12 08:49:19','2018-07-12 08:49:19'),(276,2,1,2,10,300,'Обед в столовой','2018-07-08 21:00:00','2018-07-12 08:50:10','2018-07-12 08:50:10'),(277,2,1,2,4,431,'Продукты пятерочка','2018-07-08 21:00:00','2018-07-13 06:28:33','2018-07-13 06:28:33'),(278,2,1,2,10,300,'Обед в столовой','2018-07-09 21:00:00','2018-07-13 06:29:03','2018-07-13 06:29:03'),(279,2,1,2,5,97,'Белка до дому от метро','2018-07-09 21:00:00','2018-07-13 06:29:28','2018-07-13 06:29:28'),(280,2,1,2,10,260,'Обед в столовой','2018-07-10 21:00:00','2018-07-13 06:29:52','2018-07-13 06:29:52'),(281,2,1,2,10,160,'Завтрак в столовой','2018-07-11 21:00:00','2018-07-13 06:30:15','2018-07-13 06:30:15'),(282,2,1,2,8,1050,'Оплата сервера','2018-07-11 21:00:00','2018-07-13 06:30:36','2018-07-13 06:30:36'),(283,2,1,2,10,300,'Обед в столовой','2018-07-11 21:00:00','2018-07-13 06:30:59','2018-07-13 06:30:59'),(284,2,1,2,4,245,'Продукты пятерочка','2018-07-11 21:00:00','2018-07-13 06:31:20','2018-07-13 06:31:20'),(285,2,1,2,5,1765,'Метро 60 поездок','2018-07-04 21:00:00','2018-07-13 06:32:45','2018-07-13 06:32:45'),(286,2,1,2,10,302,'Обед в столовой','2018-07-03 21:00:00','2018-07-13 06:37:36','2018-07-13 06:37:36'),(287,2,1,2,10,300,'Обед в столовой','2018-07-05 21:00:00','2018-07-13 06:38:31','2018-07-13 06:38:31'),(288,3,1,2,6,2000,'Тоне отдал на поездку в Егорьевск','2018-07-07 21:00:00','2018-07-13 06:43:40','2018-07-13 06:43:40'),(289,3,1,2,3,275,'Таблетки','2018-07-13 21:00:00','2018-07-14 12:09:54','2018-07-14 12:09:54'),(290,2,1,2,10,260,'Обед в столовой','2018-07-12 21:00:00','2018-07-16 11:12:14','2018-07-16 11:12:14'),(291,2,1,2,4,116,'Продукты магнит','2018-07-12 21:00:00','2018-07-16 11:12:36','2018-07-16 11:12:36'),(292,2,1,2,4,225,'Снэки в пивнике','2018-07-12 21:00:00','2018-07-16 11:13:23','2018-07-16 11:13:23'),(293,2,1,2,7,890,'Жижа для вейпа','2018-07-12 21:00:00','2018-07-16 11:13:54','2018-07-16 11:13:54'),(294,2,1,1,6,997,'Кэшбеки и другие возвраты Тинькоф','2018-07-13 21:00:00','2018-07-16 11:14:59','2018-07-16 11:14:59'),(295,2,1,2,4,960,'Продукты Билла','2018-07-14 21:00:00','2018-07-16 11:15:23','2018-07-16 11:20:12'),(296,2,1,2,7,255,'Подерлки леонардо','2018-07-13 21:00:00','2018-07-16 11:15:47','2018-07-16 11:15:47'),(297,2,1,2,5,416,'Яндекс Каршеринг до парка','2018-07-14 21:00:00','2018-07-16 11:16:42','2018-07-16 11:16:42'),(298,2,1,2,10,674,'Обед Макдак','2018-07-14 21:00:00','2018-07-16 11:17:05','2018-07-16 11:17:05'),(299,2,1,2,4,407,'Продукты Магнит','2018-07-14 21:00:00','2018-07-16 11:17:34','2018-07-16 11:17:34'),(300,2,1,2,7,81,'Лимонад в Пивнике','2018-07-14 21:00:00','2018-07-16 11:17:59','2018-07-16 11:17:59'),(301,2,1,2,10,260,'Обед в столовой','2018-07-15 21:00:00','2018-07-16 11:18:22','2018-07-16 11:18:22'),(302,2,1,2,9,1606,'Казан','2018-07-14 21:00:00','2018-07-16 11:20:52','2018-07-16 11:20:52'),(303,2,1,2,10,260,'Обед в столовой','2018-07-16 21:00:00','2018-07-20 06:04:03','2018-07-20 06:04:03'),(304,2,1,2,10,260,'Обед в столовой','2018-07-17 21:00:00','2018-07-20 06:04:27','2018-07-20 06:04:27'),(305,2,1,2,10,260,'Обед в столовой','2018-07-18 21:00:00','2018-07-20 06:04:52','2018-07-20 06:04:52'),(306,2,1,2,4,535,'Продукты магнит','2018-07-18 21:00:00','2018-07-20 06:05:14','2018-07-20 06:05:14'),(307,2,1,2,9,420,'Мох','2018-07-14 21:00:00','2018-07-20 06:06:50','2018-07-20 06:06:50'),(308,3,1,2,6,500,'Тоне отдал','2018-07-19 21:00:00','2018-07-20 06:07:57','2018-07-20 06:07:57'),(309,2,1,2,10,260,'Обед в столовой','2018-07-19 21:00:00','2018-07-20 10:41:22','2018-07-20 10:41:22'),(310,7,1,1,2,60000,'Аванс за Июль','2018-07-19 21:00:00','2018-07-20 20:46:18','2018-07-20 20:46:18'),(311,2,1,2,14,17600,'Остатки за квартиру после оплаты стиральной машинки','2018-07-20 21:00:00','2018-07-21 08:02:10','2018-07-21 08:02:10'),(312,2,1,2,10,487,'Обед кфс','2018-07-20 21:00:00','2018-07-22 16:31:48','2018-07-22 16:32:16'),(313,2,1,2,4,1080,'продукты билла','2018-07-20 21:00:00','2018-07-22 16:32:09','2018-07-22 16:32:09'),(314,2,1,2,7,450,'Аромки','2018-07-20 21:00:00','2018-07-22 16:34:00','2018-07-22 16:34:00'),(315,2,1,2,5,645,'Каршеринг до меги','2018-07-21 21:00:00','2018-07-22 16:34:35','2018-07-22 16:34:35'),(316,2,1,2,9,3690,'микроволновка','2018-07-21 21:00:00','2018-07-22 16:35:45','2018-07-22 16:35:45'),(317,2,1,2,9,359,'сковорода','2018-07-21 21:00:00','2018-07-22 16:36:16','2018-07-22 16:36:16'),(318,2,1,2,4,814,'Продукты Ашан','2018-07-21 21:00:00','2018-07-22 16:36:53','2018-07-22 16:36:53'),(319,3,1,2,12,13897,'Не известно куда','2018-07-21 21:00:00','2018-07-22 16:43:03','2018-07-22 16:43:03'),(320,2,1,2,8,388,'Интернет','2018-07-21 21:00:00','2018-07-22 16:47:43','2018-07-22 16:47:43'),(321,2,1,2,10,260,'Обед в столовой','2018-07-22 21:00:00','2018-07-23 18:35:48','2018-07-23 18:35:48'),(322,3,1,2,6,3000,'Тоне отдал','2018-07-22 21:00:00','2018-07-23 18:36:26','2018-07-23 18:36:26'),(323,2,1,2,4,389.48,'Продукты билла','2018-07-22 21:00:00','2018-07-23 18:44:59','2018-07-23 18:45:41'),(324,2,1,2,10,446.6,'Обед в столовой','2018-07-23 21:00:00','2018-07-24 17:45:58','2018-07-24 17:45:58'),(325,2,1,2,10,300,'Обед в столовой','2018-07-24 21:00:00','2018-07-27 06:26:18','2018-07-27 06:26:18'),(326,2,1,2,10,300,'Обед в столовой','2018-07-25 21:00:00','2018-07-27 06:26:39','2018-07-27 06:26:39'),(327,2,1,2,8,500,'На телефон закинул','2018-07-26 21:00:00','2018-07-27 06:44:03','2018-07-27 06:44:03'),(328,2,1,2,10,292,'Обед в столовой','2018-07-26 21:00:00','2018-07-27 16:11:18','2018-07-27 16:11:18'),(329,2,1,2,4,81,'Лимонад','2018-07-26 21:00:00','2018-07-27 16:11:44','2018-07-27 16:11:44'),(330,2,1,2,6,200,'Занятие английский','2018-07-26 21:00:00','2018-07-27 16:12:09','2018-07-27 16:12:09'),(331,2,1,2,10,323,'Обед КФС','2018-07-27 21:00:00','2018-07-30 18:12:31','2018-07-30 18:12:31'),(332,2,1,2,5,1695.14,'Yandex каршеринг до Карьера Лыткарино','2018-07-27 21:00:00','2018-07-30 18:13:57','2018-07-30 18:13:57'),(333,2,1,2,4,684.69,'Продукты Магнит','2018-07-27 21:00:00','2018-07-30 18:14:26','2018-07-30 18:14:26'),(334,2,1,2,4,864.19,'Продукты Билла','2018-07-28 21:00:00','2018-07-30 18:14:51','2018-07-30 18:14:51'),(335,2,1,2,9,799,'Нож по акции в Билле','2018-07-28 21:00:00','2018-07-30 18:15:13','2018-07-30 18:15:13'),(336,2,1,2,10,300,'Обед в столовой','2018-07-29 21:00:00','2018-07-30 18:15:32','2018-07-30 18:15:32'),(337,2,1,2,6,200,'Занятие по Английскому языку','2018-07-29 21:00:00','2018-07-30 18:15:54','2018-07-30 18:15:54'),(338,3,1,2,6,1400,'Нотариус доверенность для отца','2018-07-31 21:00:00','2018-08-01 08:22:44','2018-08-01 08:22:44'),(339,2,1,2,10,300,'Обед в столовой','2018-07-30 21:00:00','2018-08-04 08:25:34','2018-08-04 08:25:34'),(340,2,1,2,10,300,'Обед в столовой','2018-07-31 21:00:00','2018-08-04 08:26:03','2018-08-04 08:26:03'),(341,2,1,2,6,28754.12,'Арестовано за долг отца','2018-07-31 21:00:00','2018-08-04 08:26:38','2018-08-04 08:26:38'),(342,2,1,2,4,81,'Лимонад в пивнухе','2018-07-31 21:00:00','2018-08-04 08:27:09','2018-08-04 08:27:09'),(343,2,1,2,10,300,'Обед в столовой','2018-08-01 21:00:00','2018-08-04 08:27:31','2018-08-04 08:27:31'),(344,2,1,2,6,200,'Занятие по Английскому','2018-08-01 21:00:00','2018-08-04 08:27:58','2018-08-04 08:27:58'),(345,2,1,2,10,300,'Обед в столовой','2018-08-02 21:00:00','2018-08-04 08:28:48','2018-08-04 08:28:48'),(346,2,1,2,4,547.89,'Продукты билла','2018-08-02 21:00:00','2018-08-04 08:29:14','2018-08-04 08:29:14'),(347,7,1,1,2,60060,'Зарплата Фабрикант','2018-08-02 21:00:00','2018-08-04 08:30:17','2018-08-04 08:30:17'),(348,2,1,2,10,487,'Обед КФС','2018-08-03 21:00:00','2018-08-05 16:08:04','2018-08-05 16:08:04'),(349,2,1,2,11,600,'2 футболки мне','2018-08-03 21:00:00','2018-08-05 16:08:38','2018-08-05 16:08:38'),(350,2,1,2,11,1604,'Обувь нам с Тоней','2018-08-03 21:00:00','2018-08-05 16:09:01','2018-08-05 16:09:01'),(351,2,1,2,7,720,'Жижа для вейпа','2018-08-03 21:00:00','2018-08-05 16:09:23','2018-08-05 16:09:23'),(352,2,1,2,4,5486.7,'Продукты Глобус','2018-08-04 21:00:00','2018-08-05 16:09:47','2018-08-05 16:09:47'),(353,2,1,2,5,640.46,'Каршеринг в Глобус','2018-08-04 21:00:00','2018-08-05 16:10:36','2018-08-05 16:10:36'),(354,1,1,2,10,260,'Обед в столовой','2018-08-05 21:00:00','2018-08-07 18:55:01','2018-08-07 18:55:01'),(355,2,1,2,4,166.55,'Продукты Магнит','2018-08-05 21:00:00','2018-08-07 18:55:36','2018-08-07 18:55:36'),(356,2,1,2,6,200,'Занятие английский','2018-08-05 21:00:00','2018-08-07 18:56:05','2018-08-07 18:56:05'),(357,2,1,2,10,300,'Обед в столовой','2018-08-06 21:00:00','2018-08-07 18:56:48','2018-08-07 18:56:48'),(358,2,1,2,5,1765,'60 поездок метро','2018-08-06 21:00:00','2018-08-07 18:57:16','2018-08-07 18:57:16'),(359,2,1,2,4,198.73,'Продукты Магнит','2018-08-06 21:00:00','2018-08-07 18:57:54','2018-08-07 18:57:54'),(360,2,1,2,6,3000,'Тоне отдал','2018-08-06 21:00:00','2018-08-07 18:58:13','2018-08-07 18:58:13'),(361,2,1,2,3,2300,'Поликлиника УЗИ шейных сосудов','2018-08-07 21:00:00','2018-08-18 19:37:45','2018-08-18 19:37:45'),(362,2,1,2,10,198,'2 кофе в макдаке','2018-08-07 21:00:00','2018-08-18 19:38:10','2018-08-18 19:38:10'),(363,2,1,2,3,613,'Аптека лекарства','2018-08-05 21:00:00','2018-08-18 19:38:34','2018-08-18 19:38:34'),(364,2,1,2,10,300,'Обед в столовой','2018-08-08 21:00:00','2018-08-18 19:39:02','2018-08-18 19:39:02'),(365,2,1,2,10,260,'Обед в столовой','2018-08-09 21:00:00','2018-08-18 19:39:18','2018-08-18 19:39:18'),(366,2,1,2,10,920,'Обед в КФС Коломенское','2018-08-10 21:00:00','2018-08-18 19:39:52','2018-08-18 19:39:52'),(367,2,1,2,9,205,'Фикспрайс полотенца и тетрадь','2018-08-10 21:00:00','2018-08-18 19:40:32','2018-08-18 19:40:32'),(368,2,1,2,4,366.17,'Билла продукты','2018-08-10 21:00:00','2018-08-18 19:40:55','2018-08-18 19:40:55'),(369,2,1,2,10,260,'Обед в столовой','2018-08-12 21:00:00','2018-08-18 19:41:15','2018-08-18 19:41:15'),(370,2,1,2,6,200,'Занятие Английский','2018-08-12 21:00:00','2018-08-18 19:41:37','2018-08-18 19:41:37'),(371,2,1,1,6,998.83,'Кэшбеки Тинькофф','2018-08-13 21:00:00','2018-08-18 19:42:24','2018-08-18 19:42:24'),(372,2,1,2,10,260,'Обед в столовой','2018-08-14 21:00:00','2018-08-18 19:42:42','2018-08-18 19:42:42'),(373,2,1,2,7,550,'Мерзкая жижа','2018-08-14 21:00:00','2018-08-18 19:43:03','2018-08-18 19:43:03'),(374,2,1,2,10,260,'Обед в столовой','2018-08-15 21:00:00','2018-08-18 19:43:19','2018-08-18 19:43:19'),(375,2,1,2,6,200,'занятие Английский','2018-08-15 21:00:00','2018-08-18 19:43:42','2018-08-18 19:43:42'),(376,2,1,2,10,363.6,'Обед в столовой','2018-08-16 21:00:00','2018-08-18 19:44:03','2018-08-18 19:44:03'),(377,2,1,2,4,700,'Салаты','2018-08-16 21:00:00','2018-08-18 19:44:28','2018-08-18 19:44:28'),(378,2,1,2,4,465.11,'Продукты Магнит','2018-08-16 21:00:00','2018-08-18 19:45:10','2018-08-18 19:45:10'),(379,2,1,2,4,783.2,'Продукты Билла','2018-08-17 21:00:00','2018-08-18 19:45:29','2018-08-18 19:45:29'),(380,1,1,1,6,472,'Юра перевел за совместный обед','2018-08-10 21:00:00','2018-08-18 19:47:24','2018-08-18 19:47:24'),(381,1,1,1,6,352.47,'Процент на вклад','2018-08-11 21:00:00','2018-08-18 19:48:00','2018-08-18 19:48:00'),(382,1,1,2,8,60,'Мобильный банк','2018-08-14 21:00:00','2018-08-18 19:48:29','2018-08-18 19:48:29'),(383,1,1,2,8,559.82,'JetBrains','2018-07-18 21:00:00','2018-08-18 19:49:26','2018-08-18 19:49:26'),(384,3,1,2,7,500,'Жижа для вейпа','2018-08-17 21:00:00','2018-08-18 19:51:09','2018-08-18 19:51:09'),(385,3,1,2,4,227,'Пирожные в пекарне','2018-08-16 21:00:00','2018-08-18 19:51:39','2018-08-18 19:51:39'),(386,3,1,2,4,300,'Орехи','2018-08-11 21:00:00','2018-08-18 19:52:03','2018-08-18 19:52:03'),(387,3,1,2,4,270,'Шаурма','2018-08-14 21:00:00','2018-08-18 19:52:54','2018-08-18 19:52:54'),(388,3,1,2,4,280,'Персики','2018-08-17 21:00:00','2018-08-18 19:53:16','2018-08-18 19:53:16'),(389,3,1,2,4,600,'Арбуз и персики','2018-08-11 21:00:00','2018-08-18 19:53:55','2018-08-18 19:53:55'),(390,3,1,2,4,250,'Нямы нямы в пекарке','2018-08-10 21:00:00','2018-08-18 19:56:25','2018-08-18 19:56:25'),(391,7,1,1,2,60000,'Аванс за август','2018-08-20 21:00:00','2018-08-21 15:21:08','2018-08-21 15:21:08'),(392,3,1,2,14,30500,'Оплата аренды с комуналкой','2018-08-20 21:00:00','2018-08-21 19:09:24','2018-08-21 19:09:24'),(393,3,1,2,6,3500,'Тоне отдал','2018-08-21 21:00:00','2018-08-22 04:13:22','2018-08-22 04:13:22');
/*!40000 ALTER TABLE `funds` ENABLE KEYS */;
UNLOCK TABLES;

--
-- Table structure for table `migrations`
--

DROP TABLE IF EXISTS `migrations`;
/*!40101 SET @saved_cs_client     = @@character_set_client */;
/*!40101 SET character_set_client = utf8 */;
CREATE TABLE `migrations` (
  `id` int(10) unsigned NOT NULL AUTO_INCREMENT,
  `migration` varchar(255) COLLATE utf8mb4_unicode_ci NOT NULL,
  `batch` int(11) NOT NULL,
  PRIMARY KEY (`id`)
) ENGINE=InnoDB AUTO_INCREMENT=10 DEFAULT CHARSET=utf8mb4 COLLATE=utf8mb4_unicode_ci;
/*!40101 SET character_set_client = @saved_cs_client */;

--
-- Dumping data for table `migrations`
--

LOCK TABLES `migrations` WRITE;
/*!40000 ALTER TABLE `migrations` DISABLE KEYS */;
INSERT INTO `migrations` VALUES (1,'2014_10_12_000000_create_users_table',1),(2,'2014_10_12_100000_create_password_resets_table',1),(3,'2018_03_26_092614_bills',1),(4,'2018_03_26_092620_rev_categories',1),(5,'2018_03_26_092632_funds',1),(6,'2018_03_26_092637_events',1),(7,'2018_04_16_073539_social_networks',2),(8,'2018_04_17_101433_social_networks_extension',3),(9,'2018_07_01_102836_correct_sum',4);
/*!40000 ALTER TABLE `migrations` ENABLE KEYS */;
UNLOCK TABLES;

--
-- Table structure for table `password_resets`
--

DROP TABLE IF EXISTS `password_resets`;
/*!40101 SET @saved_cs_client     = @@character_set_client */;
/*!40101 SET character_set_client = utf8 */;
CREATE TABLE `password_resets` (
  `email` varchar(255) COLLATE utf8mb4_unicode_ci NOT NULL,
  `token` varchar(255) COLLATE utf8mb4_unicode_ci NOT NULL,
  `created_at` timestamp NULL DEFAULT NULL,
  KEY `password_resets_email_index` (`email`)
) ENGINE=InnoDB DEFAULT CHARSET=utf8mb4 COLLATE=utf8mb4_unicode_ci;
/*!40101 SET character_set_client = @saved_cs_client */;

--
-- Dumping data for table `password_resets`
--

LOCK TABLES `password_resets` WRITE;
/*!40000 ALTER TABLE `password_resets` DISABLE KEYS */;
/*!40000 ALTER TABLE `password_resets` ENABLE KEYS */;
UNLOCK TABLES;

--
-- Table structure for table `rev_categories`
--

DROP TABLE IF EXISTS `rev_categories`;
/*!40101 SET @saved_cs_client     = @@character_set_client */;
/*!40101 SET character_set_client = utf8 */;
CREATE TABLE `rev_categories` (
  `id` int(10) unsigned NOT NULL AUTO_INCREMENT,
  `user_id` int(10) unsigned NOT NULL,
  `name` varchar(255) COLLATE utf8mb4_unicode_ci NOT NULL,
  `created_at` timestamp NULL DEFAULT NULL,
  `updated_at` timestamp NULL DEFAULT NULL,
  PRIMARY KEY (`id`),
  KEY `rev_categories_user_id_foreign` (`user_id`),
  CONSTRAINT `rev_categories_user_id_foreign` FOREIGN KEY (`user_id`) REFERENCES `users` (`id`) ON DELETE CASCADE
) ENGINE=InnoDB AUTO_INCREMENT=15 DEFAULT CHARSET=utf8mb4 COLLATE=utf8mb4_unicode_ci;
/*!40101 SET character_set_client = @saved_cs_client */;

--
-- Dumping data for table `rev_categories`
--

LOCK TABLES `rev_categories` WRITE;
/*!40000 ALTER TABLE `rev_categories` DISABLE KEYS */;
INSERT INTO `rev_categories` VALUES (2,1,'Зарплата','2018-03-29 11:41:57','2018-03-29 11:41:57'),(3,1,'Здоровье','2018-03-29 11:42:04','2018-03-29 11:42:04'),(4,1,'Продукты питания','2018-03-29 11:42:11','2018-03-29 11:42:11'),(5,1,'Транспорт','2018-03-29 11:42:17','2018-03-29 11:42:17'),(6,1,'Другие','2018-03-29 11:42:21','2018-03-29 11:42:21'),(7,1,'Развлечения','2018-03-29 11:42:30','2018-03-29 11:42:30'),(8,1,'Услуги быта и связи','2018-03-29 11:42:36','2018-03-29 11:42:36'),(9,1,'Покупки для дома','2018-03-29 11:47:15','2018-03-29 11:47:15'),(10,1,'Столовые и кафе','2018-03-29 12:46:23','2018-04-18 09:37:59'),(11,1,'Одежда','2018-04-15 14:05:22','2018-04-15 14:05:22'),(12,1,'Корректировка','2018-04-15 14:07:28','2018-04-15 14:07:28'),(13,1,'Занял','2018-04-17 19:26:49','2018-04-17 19:26:49'),(14,1,'Аренда жилья','2018-06-18 19:50:07','2018-06-18 19:50:07');
/*!40000 ALTER TABLE `rev_categories` ENABLE KEYS */;
UNLOCK TABLES;

--
-- Table structure for table `social_networks`
--

DROP TABLE IF EXISTS `social_networks`;
/*!40101 SET @saved_cs_client     = @@character_set_client */;
/*!40101 SET character_set_client = utf8 */;
CREATE TABLE `social_networks` (
  `id` int(10) unsigned NOT NULL AUTO_INCREMENT,
  `user_id` int(10) unsigned NOT NULL,
  `social_network` varchar(255) COLLATE utf8mb4_unicode_ci NOT NULL,
  `social_id` varchar(50) COLLATE utf8mb4_unicode_ci NOT NULL,
  `comment` text COLLATE utf8mb4_unicode_ci,
  `created_at` timestamp NULL DEFAULT NULL,
  `updated_at` timestamp NULL DEFAULT NULL,
  `first_name` varchar(255) COLLATE utf8mb4_unicode_ci DEFAULT NULL,
  `last_name` varchar(255) COLLATE utf8mb4_unicode_ci DEFAULT NULL,
  `photo` varchar(255) COLLATE utf8mb4_unicode_ci DEFAULT NULL,
  PRIMARY KEY (`id`),
  KEY `social_networks_user_id_foreign` (`user_id`),
  CONSTRAINT `social_networks_user_id_foreign` FOREIGN KEY (`user_id`) REFERENCES `users` (`id`) ON DELETE CASCADE
) ENGINE=InnoDB AUTO_INCREMENT=2 DEFAULT CHARSET=utf8mb4 COLLATE=utf8mb4_unicode_ci;
/*!40101 SET character_set_client = @saved_cs_client */;

--
-- Dumping data for table `social_networks`
--

LOCK TABLES `social_networks` WRITE;
/*!40000 ALTER TABLE `social_networks` DISABLE KEYS */;
INSERT INTO `social_networks` VALUES (1,1,'vk','219981829',NULL,'2018-04-17 08:36:55','2018-06-04 15:03:52','Дмитрий','Ряполов','https://sun1-16.userapi.com/c840537/v840537279/cfe6/VbJIreg29rQ.jpg?ava=1');
/*!40000 ALTER TABLE `social_networks` ENABLE KEYS */;
UNLOCK TABLES;

--
-- Table structure for table `users`
--

DROP TABLE IF EXISTS `users`;
/*!40101 SET @saved_cs_client     = @@character_set_client */;
/*!40101 SET character_set_client = utf8 */;
CREATE TABLE `users` (
  `id` int(10) unsigned NOT NULL AUTO_INCREMENT,
  `name` varchar(255) COLLATE utf8mb4_unicode_ci NOT NULL,
  `email` varchar(255) COLLATE utf8mb4_unicode_ci NOT NULL,
  `password` varchar(255) COLLATE utf8mb4_unicode_ci NOT NULL,
  `remember_token` varchar(100) COLLATE utf8mb4_unicode_ci DEFAULT NULL,
  `created_at` timestamp NULL DEFAULT NULL,
  `updated_at` timestamp NULL DEFAULT NULL,
  PRIMARY KEY (`id`),
  UNIQUE KEY `users_email_unique` (`email`)
) ENGINE=InnoDB AUTO_INCREMENT=35 DEFAULT CHARSET=utf8mb4 COLLATE=utf8mb4_unicode_ci;
/*!40101 SET character_set_client = @saved_cs_client */;

--
-- Dumping data for table `users`
--

LOCK TABLES `users` WRITE;
/*!40000 ALTER TABLE `users` DISABLE KEYS */;
INSERT INTO `users` VALUES (1,'dastanaron','flow199@yandex.ru','$2y$10$sYU.fwecpYjwX7DBEOCz2.uQM9WGkpFKrFh4S3YhcfhqpP9XPaI0.','BRJtHLsVhq8EfB4VBQppyfU5jT31S1YwM84si5pt8OEOWuaXEfE0HVCGvukA','2018-03-28 12:32:51','2018-03-28 12:32:51'),(2,'SEOsaito','miekisimpna2013@seocdvig.ru','$2y$10$cqzsmVO3QfxCGqvuQ45AF.RWfG/113oHNrppZXG/p.kDKe0.ViIc.',NULL,'2018-04-12 20:38:07','2018-04-12 20:38:07'),(3,'ailandgeoks','moilighcycos2012@seocdvig.ru','$2y$10$s6YLxad7BKohYzXoQ4aNjeBH5lXiu4tpOd27aLQgygzWD8yLD/P3O',NULL,'2018-04-14 10:37:39','2018-04-14 10:37:39'),(4,'Philipgof','philipsipsy@yandex.ru','$2y$10$PDZ2wFgEr3YmZLF4bZGqoe31pbHAlwgaoDSrC77heThgB94HI2OIO',NULL,'2018-04-29 16:37:04','2018-04-29 16:37:04'),(5,'Warnerbreds','kirya.color.pristavkin@mail.ru','$2y$10$doMWMnMHWEm5H05x75S1tuOwtZJnw1A75gFbeOlJGCSf8t8L58LUK',NULL,'2018-05-12 08:21:39','2018-05-12 08:21:39'),(6,'Waltersoody','nikolaj.takoev.89@mail.ru','$2y$10$Rhq.uCDN5t22GDgIOwpwielpYT5CUQnWmGnS06xtxoKtBRCervg8S',NULL,'2018-05-13 01:06:54','2018-05-13 01:06:54'),(7,'Norbertevesk','autonabor1@7rek.ru','$2y$10$LaL2fkWjPM/JJdbN7Vg9o.aIfXxquQQtmLRye6QyRbyMPpzwbrQmu',NULL,'2018-05-15 22:57:57','2018-05-15 22:57:57'),(8,'Ernestrix','viktorhvnik@yandex.com','$2y$10$qEYTpibEQl7PgceXC45eS.FFnRbB72o9CzfQySI/I4WrMb3E5Hu/G',NULL,'2018-06-02 16:16:43','2018-06-02 16:16:43'),(9,'profGuacy','porofert@mail.ru','$2y$10$GkCKe6xNEJ.ELyI4mzdFOu9uhHR1NBQqP8/5W.xvAiUt5GXSQtwn2',NULL,'2018-06-02 21:42:52','2018-06-02 21:42:52'),(10,'advokatbione','sappdoresym1966@plusgmail.ru','$2y$10$6yP6RLZ1bEQ7fXhai1Q.eeM0ifcxOgOMZymnJdBA0Sogzaob4Be7C',NULL,'2018-06-03 09:00:06','2018-06-03 09:00:06'),(11,'psychologistbione','torjuncconsstar1996@plusgmail.ru','$2y$10$9cmCNPOQ7P61QR54JHG3S.zTGhobHAgBeoBGpWIoy0KHL7LIseoBe',NULL,'2018-06-04 11:25:07','2018-06-04 11:25:07'),(12,'Kozhavek','boyland@livesilk.info','$2y$10$E2APYdEVlLdmPyqqheUTj.BAAgvx0LmKMKCi1CLrLIev.iHELx3tu',NULL,'2018-07-03 16:19:22','2018-07-03 16:19:22'),(13,'LavrovOa28','volodixina.agata@mail.ru','$2y$10$uNAavfsOmANgQKQni4MhvuX8z.oMuk9w/Kklcxt780105wIBbcyUe',NULL,'2018-07-04 02:02:29','2018-07-04 02:02:29'),(14,'RomanDeM','romfil2019@mail.ru','$2y$10$oqWaDgK6b1nBqtJJrAwqBuq1hvXXFxaHeZreTNplbjKoHvGN38Rf2',NULL,'2018-07-06 12:17:32','2018-07-06 12:17:32'),(15,'MelaniT','lajuanafzafow@gmx.us','$2y$10$LW0sRZFB579oZpe1kDa1D.v72pVFVw5A7OhlbSSIhPdZklYrth9S6',NULL,'2018-07-17 03:59:45','2018-07-17 03:59:45'),(16,'divanbione','divan@plusgmail.ru','$2y$10$qHSreaG.E/pRJyx.ldIOoeTSnBUe72lB0LkepjCGteH8h5ISFdike',NULL,'2018-07-19 21:08:51','2018-07-19 21:08:51'),(17,'JasonUsami','malvina.doorbell.cherkesova@mail.ru','$2y$10$3wqPH8SVRsDzqWLxoB4usOIJPTlwTHADZVNsVCndLfKYlI6BxhnXe',NULL,'2018-07-20 06:47:54','2018-07-20 06:47:54'),(18,'Genkainisk','alexey27072017@gmail.com','$2y$10$unHGAYtqHockRpL17MOzt.DMVSOuxWF6lCE7fv.eqqUnJZ2BQ4eFW',NULL,'2018-07-21 04:02:02','2018-07-21 04:02:02'),(19,'Thomasfoolf','hger547fds@mail.ru','$2y$10$YLTFYnlbLVvt.CPBn2P0HuExoBHKdEgCWJaxhkbtdcPWv8lktsomu',NULL,'2018-07-22 19:06:28','2018-07-22 19:06:28'),(20,'fondbione','fondspasneru@plusgmail.ru','$2y$10$R4.ILmUlukDXJHNOnJV/XeYIvf4kDRvzagzQjSkcVL2eDBbrzwodq',NULL,'2018-07-24 10:56:08','2018-07-24 10:56:08'),(21,'pavingbione','stroy@plusgmail.ru','$2y$10$PxaNd6vYvJV.fXMnw/vgAO8eh5hZ6T2eLpiK9I0xtRTQV/mJGVM6m',NULL,'2018-07-24 23:20:51','2018-07-24 23:20:51'),(22,'Raymondbet','klevcovamarina359@gmail.com','$2y$10$bg9yI4P5IUZ2rk.C.SMmCOo5g3IWQzU/Sh/rcArEMn5I5iCFvzf5C',NULL,'2018-08-02 12:18:36','2018-08-02 12:18:36'),(23,'Jenkainisk','svetkinkova@gmail.com','$2y$10$gotPBVgVWB4dHZ92aezKkOFwVQY2AwYsA6PdZQ7whP7YHsrf3j7aa',NULL,'2018-08-03 05:09:17','2018-08-03 05:09:17'),(24,'SlavkovlVes','vsekrtonkeova@gmail.com','$2y$10$xNjWLQLHjHt9JcKiw9u.kuYzRJQfVeE9nD4Dk7vNLm3eZj7H.mtXK',NULL,'2018-08-03 09:31:34','2018-08-03 09:31:34'),(25,'KorneyKi','valerchikov76@gmail.com','$2y$10$Pkd864tAUrbddUnMURNTgusDl8ceX9iesji3yJeKnArYCh9IZGGMu',NULL,'2018-08-03 10:54:46','2018-08-03 10:54:46'),(26,'rasul.umalatov','kovalenkoandrey3277@gmail.com','$2y$10$Oj9uRyp2BQCA5CCoKK4HKOL0WdB1gGVapO4hn6S5.AI9GY7vN24Ie',NULL,'2018-08-06 15:20:39','2018-08-06 15:20:39'),(27,'advokatbione','glyctimanri1970@beget.com','$2y$10$XxnTu.JPttVF/kRZcbu9n.zqPwog6TWduqpL3QE.kJaxXtG5DzSEa',NULL,'2018-08-07 14:12:34','2018-08-07 14:12:34'),(28,'atsyganova81','leonkov789@gmail.com','$2y$10$Pkckw1M3GmtCMAjFKd900eepf0fj07JRdY6e1enUxT/Glgl9a/nQS',NULL,'2018-08-08 18:31:18','2018-08-08 18:31:18'),(29,'remokna-nn','arnidipe1963@mail.ru','$2y$10$it8Uz1YWjPLGjcx8HWVsKuv/3GSwAwARb2UjXCeX7ZlJH7OEF9rIa',NULL,'2018-08-09 23:44:51','2018-08-09 23:44:51'),(30,'stockchinalrem','stockchina@mail.ru','$2y$10$LuSSB5vIGJ14HEU2w1FohOEQzPE6HaMxs4aiz175Pbm/NN8wcZm9u',NULL,'2018-08-16 11:31:51','2018-08-16 11:31:51'),(31,'skvburbione','skvbur@gmail.com','$2y$10$Mye2K2SCpUFPNgr/LKhrVeo4W0nNkGwTwEAqtV2prPX7W1ztCQDn2',NULL,'2018-08-19 21:59:44','2018-08-19 21:59:44'),(32,'Williamjen','anna_popova1969@mail.ru','$2y$10$9sN4eLZxIb8Zjd6OFHEMiOnvxZ0lu6E4EG/C05EpV8LeGYV/VT.ce',NULL,'2018-08-21 16:39:01','2018-08-21 16:39:01'),(33,'Arthurpoina','sergei.popov8080@mail.ru','$2y$10$PkSHqsHLbhXGvRm7/sSJDuGKsJ4tYuvVN1a/0mwmQNxwp3/pJy6dq',NULL,'2018-08-21 18:21:22','2018-08-21 18:21:22'),(34,'Davidtam','edik.somov.80@mail.ru','$2y$10$yf/5O3gSTY2Xq0PXOOYOteevt7CW8LKvJhjXeCpHdJDYzoQAzLNAy',NULL,'2018-08-22 06:57:53','2018-08-22 06:57:53');
/*!40000 ALTER TABLE `users` ENABLE KEYS */;
UNLOCK TABLES;
/*!40103 SET TIME_ZONE=@OLD_TIME_ZONE */;

/*!40101 SET SQL_MODE=@OLD_SQL_MODE */;
/*!40014 SET FOREIGN_KEY_CHECKS=@OLD_FOREIGN_KEY_CHECKS */;
/*!40014 SET UNIQUE_CHECKS=@OLD_UNIQUE_CHECKS */;
/*!40101 SET CHARACTER_SET_CLIENT=@OLD_CHARACTER_SET_CLIENT */;
/*!40101 SET CHARACTER_SET_RESULTS=@OLD_CHARACTER_SET_RESULTS */;
/*!40101 SET COLLATION_CONNECTION=@OLD_COLLATION_CONNECTION */;
/*!40111 SET SQL_NOTES=@OLD_SQL_NOTES */;

-- Dump completed on 2018-08-25 22:41:49
